material_id,POLYMER SMILES,smiles,components,property_name,value,unit,tags,mol_fraction_a,mol_fraction_b,mol_fraction_c,dataset,int_docid,lh_created_at
60cb4936,<polymer_spg>[*:1]c1ccc(C(c2ccc(N3C(=O)c4cc5c(cc4C3=O)C(c3ccccc3)(C(F)(F)F)c3cc4c(cc3O5)C(=O)N([*:2])C4=O)cc2)(C(F)(F)F)C(F)(F)F)cc1;2->1,*c1ccc(C(c2ccc(N3C(=O)c4cc5c(cc4C3=O)C(c3ccccc3)(C(F)(F)F)c3cc4c(cc3O5)C(=O)N(*)C4=O)cc2)(C(F)(F)F)C(F)(F)F)cc1,['*c1ccc(C(c2ccc(N3C(=O)c4cc5c(cc4C3=O)C(c3ccccc3)(C(F)(F)F)c3cc4c(cc3O5)C(=O)N(*)C4=O)cc2)(C(F)(F)F)C(F)(F)F)cc1'],temp_glass,709.15,K,"alternating,polyimide",1.0,,,cmdl_ibm_polyimide_tg_2024,2.09488e+18,2025-07-16 23:26:10.120091+00:00
57e149ea,<polymer_spg>[*:1]c1ccc(C(c2ccccc2)(c2ccc(N3C(=O)c4ccc(C(c5ccc6c(c5)C(=O)N([*:2])C6=O)(C(F)(F)F)C(F)(F)F)cc4C3=O)cc2)C(F)(F)F)cc1;2->1,*c1ccc(C(c2ccccc2)(c2ccc(N3C(=O)c4ccc(C(c5ccc6c(c5)C(=O)N(*)C6=O)(C(F)(F)F)C(F)(F)F)cc4C3=O)cc2)C(F)(F)F)cc1,['*c1ccc(C(c2ccccc2)(c2ccc(N3C(=O)c4ccc(C(c5ccc6c(c5)C(=O)N(*)C6=O)(C(F)(F)F)C(F)(F)F)cc4C3=O)cc2)C(F)(F)F)cc1'],temp_glass,586.15,K,"alternating,polyimide",1.0,,,cmdl_ibm_polyimide_tg_2024,8.05677e+18,2025-07-16 23:26:10.120091+00:00
d06db232,<polymer_spg>[*:1]C1CCC(N2C(=O)c3ccc(C(c4ccc5c(c4)C(=O)N([*:2])C5=O)(C(F)(F)F)C(F)(F)F)cc3C2=O)CC1;2->1,*C1CCC(N2C(=O)c3ccc(C(c4ccc5c(c4)C(=O)N(*)C5=O)(C(F)(F)F)C(F)(F)F)cc3C2=O)CC1,['*C1CCC(N2C(=O)c3ccc(C(c4ccc5c(c4)C(=O)N(*)C5=O)(C(F)(F)F)C(F)(F)F)cc3C2=O)CC1'],temp_glass,633.15,K,"alternating,polyimide",1.0,,,cmdl_ibm_polyimide_tg_2024,-5.0708e+18,2025-07-16 23:26:10.120091+00:00
616dc102,<polymer_spg>[*:1]c1cccc(Oc2ccc(P(=O)(c3ccccc3)c3ccc(Oc4cccc(N5C(=O)c6ccc(C(c7ccc8c(c7)C(=O)N([*:2])C8=O)(C(F)(F)F)C(F)(F)F)cc6C5=O)c4)cc3)cc2)c1;2->1,*c1cccc(Oc2ccc(P(=O)(c3ccccc3)c3ccc(Oc4cccc(N5C(=O)c6ccc(C(c7ccc8c(c7)C(=O)N(*)C8=O)(C(F)(F)F)C(F)(F)F)cc6C5=O)c4)cc3)cc2)c1,['*c1cccc(Oc2ccc(P(=O)(c3ccccc3)c3ccc(Oc4cccc(N5C(=O)c6ccc(C(c7ccc8c(c7)C(=O)N(*)C8=O)(C(F)(F)F)C(F)(F)F)cc6C5=O)c4)cc3)cc2)c1'],temp_glass,512.15,K,"alternating,polyimide",1.0,,,cmdl_ibm_polyimide_tg_2024,-6.12007e+18,2025-07-16 23:26:10.120091+00:00
ba43af18,<polymer_spg>[*:1]c1ccc(Oc2ccc(N3C(=O)c4ccc(C(c5ccc6c(c5)C(=O)N([*:2])C6=O)(C(F)(F)F)C(F)(F)F)cc4C3=O)cc2)cc1;2->1,*c1ccc(Oc2ccc(N3C(=O)c4ccc(C(c5ccc6c(c5)C(=O)N(*)C6=O)(C(F)(F)F)C(F)(F)F)cc4C3=O)cc2)cc1,['*c1ccc(Oc2ccc(N3C(=O)c4ccc(C(c5ccc6c(c5)C(=O)N(*)C6=O)(C(F)(F)F)C(F)(F)F)cc4C3=O)cc2)cc1'],temp_glass,585.15,K,"alternating,polyimide",1.0,,,cmdl_ibm_polyimide_tg_2024,-8.87733e+18,2025-07-16 23:26:10.120091+00:00
4e971ced,<polymer_spg>[*:1]C1CCC(CC2CCC(N3C(=O)c4ccc(C(c5ccc6c(c5)C(=O)N([*:2])C6=O)(C(F)(F)F)C(F)(F)F)cc4C3=O)CC2)CC1;2->1,*C1CCC(CC2CCC(N3C(=O)c4ccc(C(c5ccc6c(c5)C(=O)N(*)C6=O)(C(F)(F)F)C(F)(F)F)cc4C3=O)CC2)CC1,['*C1CCC(CC2CCC(N3C(=O)c4ccc(C(c5ccc6c(c5)C(=O)N(*)C6=O)(C(F)(F)F)C(F)(F)F)cc4C3=O)CC2)CC1'],temp_glass,543.15,K,"alternating,polyimide",1.0,,,cmdl_ibm_polyimide_tg_2024,1.15647e+18,2025-07-16 23:26:10.120091+00:00
ce6a07aa,<polymer_spg>[*:1]c1ccc(C(c2ccc(N3C(=O)c4cc5c(cc4C3=O)C(C(F)(F)F)(C(F)(F)F)c3cc4c(cc3O5)C(=O)N([*:2])C4=O)cc2)(C(F)(F)F)C(F)(F)F)cc1;2->1,*c1ccc(C(c2ccc(N3C(=O)c4cc5c(cc4C3=O)C(C(F)(F)F)(C(F)(F)F)c3cc4c(cc3O5)C(=O)N(*)C4=O)cc2)(C(F)(F)F)C(F)(F)F)cc1,['*c1ccc(C(c2ccc(N3C(=O)c4cc5c(cc4C3=O)C(C(F)(F)F)(C(F)(F)F)c3cc4c(cc3O5)C(=O)N(*)C4=O)cc2)(C(F)(F)F)C(F)(F)F)cc1'],temp_glass,733.15,K,"alternating,polyimide",1.0,,,cmdl_ibm_polyimide_tg_2024,-8.95979e+18,2025-07-16 23:26:10.120091+00:00
9568a158,<polymer_spg>[*:1]c1ccc(-c2ccc(N3C(=O)c4cc5c(cc4C3=O)C(C(F)(F)F)(C(F)(F)F)c3cc4c(cc3O5)C(=O)N([*:2])C4=O)cc2C(F)(F)F)c(C(F)(F)F)c1;2->1,*c1ccc(-c2ccc(N3C(=O)c4cc5c(cc4C3=O)C(C(F)(F)F)(C(F)(F)F)c3cc4c(cc3O5)C(=O)N(*)C4=O)cc2C(F)(F)F)c(C(F)(F)F)c1,['*c1ccc(-c2ccc(N3C(=O)c4cc5c(cc4C3=O)C(C(F)(F)F)(C(F)(F)F)c3cc4c(cc3O5)C(=O)N(*)C4=O)cc2C(F)(F)F)c(C(F)(F)F)c1'],temp_glass,693.15,K,"alternating,polyimide",1.0,,,cmdl_ibm_polyimide_tg_2024,-2.83409e+18,2025-07-16 23:26:10.120091+00:00
51fe4da0,<polymer_spg>[*:1]c1ccc(C(c2ccccc2)(c2ccc(N3C(=O)c4ccc(-c5ccc6c(c5)C(=O)N([*:2])C6=O)cc4C3=O)cc2)C(F)(F)F)cc1;2->1,*c1ccc(C(c2ccccc2)(c2ccc(N3C(=O)c4ccc(-c5ccc6c(c5)C(=O)N(*)C6=O)cc4C3=O)cc2)C(F)(F)F)cc1,['*c1ccc(C(c2ccccc2)(c2ccc(N3C(=O)c4ccc(-c5ccc6c(c5)C(=O)N(*)C6=O)cc4C3=O)cc2)C(F)(F)F)cc1'],temp_glass,623.15,K,"alternating,polyimide",1.0,,,cmdl_ibm_polyimide_tg_2024,-6.88685e+18,2025-07-16 23:26:10.120091+00:00
675faca3,<polymer_spg>[*:1]c1cccc(Oc2ccc(P(=O)(c3ccccc3)c3ccc(Oc4cccc(N5C(=O)c6ccc(-c7ccc8c(c7)C(=O)N([*:2])C8=O)cc6C5=O)c4)cc3)cc2)c1;2->1,*c1cccc(Oc2ccc(P(=O)(c3ccccc3)c3ccc(Oc4cccc(N5C(=O)c6ccc(-c7ccc8c(c7)C(=O)N(*)C8=O)cc6C5=O)c4)cc3)cc2)c1,['*c1cccc(Oc2ccc(P(=O)(c3ccccc3)c3ccc(Oc4cccc(N5C(=O)c6ccc(-c7ccc8c(c7)C(=O)N(*)C8=O)cc6C5=O)c4)cc3)cc2)c1'],temp_glass,514.15,K,"alternating,polyimide",1.0,,,cmdl_ibm_polyimide_tg_2024,8.68223e+18,2025-07-16 23:26:10.120091+00:00
d9efd6a3,<polymer_spg>[*:1]c1cccc(Oc2ccc(P(=O)(c3ccccc3)c3ccc(Oc4cccc(N5C(=O)c6ccc(C(=O)c7ccc8c(c7)C(=O)N([*:2])C8=O)cc6C5=O)c4)cc3)cc2)c1;2->1,*c1cccc(Oc2ccc(P(=O)(c3ccccc3)c3ccc(Oc4cccc(N5C(=O)c6ccc(C(=O)c7ccc8c(c7)C(=O)N(*)C8=O)cc6C5=O)c4)cc3)cc2)c1,['*c1cccc(Oc2ccc(P(=O)(c3ccccc3)c3ccc(Oc4cccc(N5C(=O)c6ccc(C(=O)c7ccc8c(c7)C(=O)N(*)C8=O)cc6C5=O)c4)cc3)cc2)c1'],temp_glass,505.15,K,"alternating,polyimide",1.0,,,cmdl_ibm_polyimide_tg_2024,-5.45988e+18,2025-07-16 23:26:10.120091+00:00
7d9827f2,<polymer_spg>[*:1]c1cccc(Oc2ccc(P(=O)(c3ccccc3)c3ccc(Oc4cccc(N5C(=O)c6ccc(S(=O)(=O)c7ccc8c(c7)C(=O)N([*:2])C8=O)cc6C5=O)c4)cc3)cc2)c1;2->1,*c1cccc(Oc2ccc(P(=O)(c3ccccc3)c3ccc(Oc4cccc(N5C(=O)c6ccc(S(=O)(=O)c7ccc8c(c7)C(=O)N(*)C8=O)cc6C5=O)c4)cc3)cc2)c1,['*c1cccc(Oc2ccc(P(=O)(c3ccccc3)c3ccc(Oc4cccc(N5C(=O)c6ccc(S(=O)(=O)c7ccc8c(c7)C(=O)N(*)C8=O)cc6C5=O)c4)cc3)cc2)c1'],temp_glass,513.15,K,"alternating,polyimide",1.0,,,cmdl_ibm_polyimide_tg_2024,-2.62561e+18,2025-07-16 23:26:10.120091+00:00
c5d86fe1,<polymer_spg>[*:1]C1CCC(N2C(=O)c3ccc(Oc4ccc5c(c4)C(=O)N([*:2])C5=O)cc3C2=O)CC1;2->1,*C1CCC(N2C(=O)c3ccc(Oc4ccc5c(c4)C(=O)N(*)C5=O)cc3C2=O)CC1,['*C1CCC(N2C(=O)c3ccc(Oc4ccc5c(c4)C(=O)N(*)C5=O)cc3C2=O)CC1'],temp_glass,633.15,K,"alternating,polyimide",1.0,,,cmdl_ibm_polyimide_tg_2024,-5.92242e+18,2025-07-16 23:26:10.120091+00:00
7583f627,<polymer_spg>[*:1]c1ccc(C2(c3ccc(N4C(=O)c5ccc(Oc6ccc7c(c6)C(=O)N([*:2])C7=O)cc5C4=O)cc3)c3ccccc3-c3ccccc32)cc1;2->1,*c1ccc(C2(c3ccc(N4C(=O)c5ccc(Oc6ccc7c(c6)C(=O)N(*)C7=O)cc5C4=O)cc3)c3ccccc3-c3ccccc32)cc1,['*c1ccc(C2(c3ccc(N4C(=O)c5ccc(Oc6ccc7c(c6)C(=O)N(*)C7=O)cc5C4=O)cc3)c3ccccc3-c3ccccc32)cc1'],temp_glass,643.15,K,"alternating,polyimide",1.0,,,cmdl_ibm_polyimide_tg_2024,-3.56116e+18,2025-07-16 23:26:10.120091+00:00
9fe3e982,<polymer_spg>[*:1]c1cccc(Oc2ccc(P(=O)(c3ccccc3)c3ccc(Oc4cccc(N5C(=O)c6ccc(Oc7ccc8c(c7)C(=O)N([*:2])C8=O)cc6C5=O)c4)cc3)cc2)c1;2->1,*c1cccc(Oc2ccc(P(=O)(c3ccccc3)c3ccc(Oc4cccc(N5C(=O)c6ccc(Oc7ccc8c(c7)C(=O)N(*)C8=O)cc6C5=O)c4)cc3)cc2)c1,['*c1cccc(Oc2ccc(P(=O)(c3ccccc3)c3ccc(Oc4cccc(N5C(=O)c6ccc(Oc7ccc8c(c7)C(=O)N(*)C8=O)cc6C5=O)c4)cc3)cc2)c1'],temp_glass,493.15,K,"alternating,polyimide",1.0,,,cmdl_ibm_polyimide_tg_2024,-7.93379e+18,2025-07-16 23:26:10.120091+00:00
e49b65ed,<polymer_spg>[*:1]C1CCC(CC2CCC(N3C(=O)c4ccc(Oc5ccc6c(c5)C(=O)N([*:2])C6=O)cc4C3=O)CC2)CC1;2->1,*C1CCC(CC2CCC(N3C(=O)c4ccc(Oc5ccc6c(c5)C(=O)N(*)C6=O)cc4C3=O)CC2)CC1,['*C1CCC(CC2CCC(N3C(=O)c4ccc(Oc5ccc6c(c5)C(=O)N(*)C6=O)cc4C3=O)CC2)CC1'],temp_glass,493.15,K,"alternating,polyimide",1.0,,,cmdl_ibm_polyimide_tg_2024,8.81388e+18,2025-07-16 23:26:10.120091+00:00
90aca7d9,<polymer_spg>[*:1]c1ccc(C(c2ccccc2)(c2ccc(-n3c(=O)c4cc5c(=O)n([*:2])c(=O)c5cc4c3=O)cc2)C(F)(F)F)cc1;2->1,*c1ccc(C(c2ccccc2)(c2ccc(-n3c(=O)c4cc5c(=O)n(*)c(=O)c5cc4c3=O)cc2)C(F)(F)F)cc1,['*c1ccc(C(c2ccccc2)(c2ccc(-n3c(=O)c4cc5c(=O)n(*)c(=O)c5cc4c3=O)cc2)C(F)(F)F)cc1'],temp_glass,713.15,K,"alternating,polyimide",1.0,,,cmdl_ibm_polyimide_tg_2024,-6.16484e+18,2025-07-16 23:26:10.120091+00:00
67afa85d,<polymer_spg>[*:1]c1ccc(Oc2ccc(C(c3ccccc3)(c3ccc(Oc4ccc(-n5c(=O)c6cc7c(=O)n([*:2])c(=O)c7cc6c5=O)cc4)cc3)C(F)(F)F)cc2)cc1;2->1,*c1ccc(Oc2ccc(C(c3ccccc3)(c3ccc(Oc4ccc(-n5c(=O)c6cc7c(=O)n(*)c(=O)c7cc6c5=O)cc4)cc3)C(F)(F)F)cc2)cc1,['*c1ccc(Oc2ccc(C(c3ccccc3)(c3ccc(Oc4ccc(-n5c(=O)c6cc7c(=O)n(*)c(=O)c7cc6c5=O)cc4)cc3)C(F)(F)F)cc2)cc1'],temp_glass,593.15,K,"alternating,polyimide",1.0,,,cmdl_ibm_polyimide_tg_2024,4.74817e+18,2025-07-16 23:26:10.120091+00:00
2e9a3f7b,<polymer_spg>[*:1]c1ccc(Oc2ccc(C(c3ccc(Oc4ccc(-n5c(=O)c6cc7c(=O)n([*:2])c(=O)c7cc6c5=O)cc4)cc3)(C(F)(F)F)C(F)(F)F)cc2)cc1;2->1,*c1ccc(Oc2ccc(C(c3ccc(Oc4ccc(-n5c(=O)c6cc7c(=O)n(*)c(=O)c7cc6c5=O)cc4)cc3)(C(F)(F)F)C(F)(F)F)cc2)cc1,['*c1ccc(Oc2ccc(C(c3ccc(Oc4ccc(-n5c(=O)c6cc7c(=O)n(*)c(=O)c7cc6c5=O)cc4)cc3)(C(F)(F)F)C(F)(F)F)cc2)cc1'],temp_glass,586.15,K,"alternating,polyimide",1.0,,,cmdl_ibm_polyimide_tg_2024,7.17508e+18,2025-07-16 23:26:10.120091+00:00
be48e93d,<polymer_spg>[*:1]c1ccc(-c2ccc(-n3c(=O)c4cc5c(=O)n([*:2])c(=O)c5cc4c3=O)cc2C(F)(F)F)c(C(F)(F)F)c1;2->1,*c1ccc(-c2ccc(-n3c(=O)c4cc5c(=O)n(*)c(=O)c5cc4c3=O)cc2C(F)(F)F)c(C(F)(F)F)c1,['*c1ccc(-c2ccc(-n3c(=O)c4cc5c(=O)n(*)c(=O)c5cc4c3=O)cc2C(F)(F)F)c(C(F)(F)F)c1'],temp_glass,723.15,K,"random,polyimide",0.9,0.1,,cmdl_ibm_polyimide_tg_2024,7.91978e+18,2025-07-16 23:26:10.120091+00:00
3458488,<polymer_spg>[*:1]c1ccc(-c2ccc(-n3c(=O)c4cc5c(=O)n([*:2])c(=O)c5cc4c3=O)cc2C(F)(F)F)c(C(F)(F)F)c1;[*:3]c1ccc(C(c2ccccc2)(c2ccc(-n3c(=O)c4cc5c(=O)n([*:4])c(=O)c5cc4c3=O)cc2)C(F)(F)F)cc1;2->1;2->3;4->3;4->1,*c1ccc(-c2ccc(-n3c(=O)c4cc5c(=O)n(*)c(=O)c5cc4c3=O)cc2C(F)(F)F)c(C(F)(F)F)c1.*c1ccc(C(c2ccccc2)(c2ccc(-n3c(=O)c4cc5c(=O)n(*)c(=O)c5cc4c3=O)cc2)C(F)(F)F)cc1,"['*c1ccc(-c2ccc(-n3c(=O)c4cc5c(=O)n(*)c(=O)c5cc4c3=O)cc2C(F)(F)F)c(C(F)(F)F)c1'
 '*c1ccc(C(c2ccccc2)(c2ccc(-n3c(=O)c4cc5c(=O)n(*)c(=O)c5cc4c3=O)cc2)C(F)(F)F)cc1']",temp_glass,748.15,K,"random,polyimide",0.9,0.1,,cmdl_ibm_polyimide_tg_2024,5.77009e+18,2025-07-16 23:26:10.120091+00:00
6fa09e85,<polymer_spg>[*:1]c1ccc(-c2ccc(-n3c(=O)c4cc5c(=O)n([*:2])c(=O)c5cc4c3=O)cc2C(F)(F)F)c(C(F)(F)F)c1;2->1,*c1ccc(-c2ccc(-n3c(=O)c4cc5c(=O)n(*)c(=O)c5cc4c3=O)cc2C(F)(F)F)c(C(F)(F)F)c1,['*c1ccc(-c2ccc(-n3c(=O)c4cc5c(=O)n(*)c(=O)c5cc4c3=O)cc2C(F)(F)F)c(C(F)(F)F)c1'],temp_glass,723.15,K,"alternating,polyimide",1.0,,,cmdl_ibm_polyimide_tg_2024,3.3735e+18,2025-07-16 23:26:10.120091+00:00
dcefd928,<polymer_spg>[*:1]c1ccc(C2(c3ccc(-n4c(=O)c5cc6c(=O)n([*:2])c(=O)c6cc5c4=O)cc3)c3ccccc3-c3ccccc32)cc1;2->1,*c1ccc(C2(c3ccc(-n4c(=O)c5cc6c(=O)n(*)c(=O)c6cc5c4=O)cc3)c3ccccc3-c3ccccc32)cc1,['*c1ccc(C2(c3ccc(-n4c(=O)c5cc6c(=O)n(*)c(=O)c6cc5c4=O)cc3)c3ccccc3-c3ccccc32)cc1'],temp_glass,773.15,K,"alternating,polyimide",1.0,,,cmdl_ibm_polyimide_tg_2024,-6.79702e+18,2025-07-16 23:26:10.120091+00:00
f829c915,<polymer_spg>[*:1]c1cccc(Oc2ccc(P(=O)(c3ccccc3)c3ccc(Oc4cccc(-n5c(=O)c6cc7c(=O)n([*:2])c(=O)c7cc6c5=O)c4)cc3)cc2)c1;2->1,*c1cccc(Oc2ccc(P(=O)(c3ccccc3)c3ccc(Oc4cccc(-n5c(=O)c6cc7c(=O)n(*)c(=O)c7cc6c5=O)c4)cc3)cc2)c1,['*c1cccc(Oc2ccc(P(=O)(c3ccccc3)c3ccc(Oc4cccc(-n5c(=O)c6cc7c(=O)n(*)c(=O)c7cc6c5=O)c4)cc3)cc2)c1'],temp_glass,527.15,K,"alternating,polyimide",1.0,,,cmdl_ibm_polyimide_tg_2024,5.20692e+18,2025-07-16 23:26:10.120091+00:00
be09729e,<polymer_spg>[*:1]C1CCC(CC2CCC(n3c(=O)c4cc5c(=O)n([*:2])c(=O)c5cc4c3=O)CC2)CC1;2->1,*C1CCC(CC2CCC(n3c(=O)c4cc5c(=O)n(*)c(=O)c5cc4c3=O)CC2)CC1,['*C1CCC(CC2CCC(n3c(=O)c4cc5c(=O)n(*)c(=O)c5cc4c3=O)CC2)CC1'],temp_glass,598.15,K,"alternating,polyimide",1.0,,,cmdl_ibm_polyimide_tg_2024,-8.12899e+18,2025-07-16 23:26:10.120091+00:00
c4979c40,<polymer_spg>[*:1]c1ccc(-c2ccc(-n3c(=O)c4cc5c(=O)n([*:2])c(=O)c5cc4c3=O)cc2C(F)(F)F)c(C(F)(F)F)c1;2->1,*c1ccc(-c2ccc(-n3c(=O)c4cc5c(=O)n(*)c(=O)c5cc4c3=O)cc2C(F)(F)F)c(C(F)(F)F)c1,['*c1ccc(-c2ccc(-n3c(=O)c4cc5c(=O)n(*)c(=O)c5cc4c3=O)cc2C(F)(F)F)c(C(F)(F)F)c1'],temp_glass,652.15,K,"alternating,polyimide",1.0,,,cmdl_ibm_polyimide_tg_2024,3.55156e+18,2025-07-16 23:26:10.120091+00:00
762e7fa4,<polymer_spg>[*:1]c1ccc(-c2ccc(-n3c(=O)c4cc5c(=O)n([*:2])c(=O)c5cc4c3=O)cc2OC(F)(F)F)c(OC(F)(F)F)c1;2->1,*c1ccc(-c2ccc(-n3c(=O)c4cc5c(=O)n(*)c(=O)c5cc4c3=O)cc2OC(F)(F)F)c(OC(F)(F)F)c1,['*c1ccc(-c2ccc(-n3c(=O)c4cc5c(=O)n(*)c(=O)c5cc4c3=O)cc2OC(F)(F)F)c(OC(F)(F)F)c1'],temp_glass,636.15,K,"alternating,polyimide",1.0,,,cmdl_ibm_polyimide_tg_2024,-2.1593e+18,2025-07-16 23:26:10.120091+00:00
